파일명,원본 단어,ratio(plain)_교정,ratio(plain)_유사도,ratio(jamo)_교정,ratio(jamo)_유사도,jaro(plain)_교정,jaro(plain)_유사도,jaro(jamo)_교정,jaro(jamo)_유사도,distance(plain)_교정,distance(plain)_유사도,distance(jamo)_교정,distance(jamo)_유사도
processed_receipt_raw.txt,둘국대,,0.0,,0.0,,0.0,,0.0,,0.0,,0.0
processed_receipt_raw.txt,라교소비자생다,,0.0,,0.0,,0.0,,0.0,,0.0,,0.0
processed_receipt_raw.txt,동조인,,0.0,,0.0,,0.0,승인,0.7222222222222222,,0.0,,0.0
processed_receipt_raw.txt,합순입,,0.0,,0.0,,0.0,할인,0.7296296296296297,,0.0,,0.0
processed_receipt_raw.txt,서울록별시,,0.0,,0.0,,0.0,,0.0,,0.0,,0.0
processed_receipt_raw.txt,중구,,0.0,,0.0,,0.0,,0.0,,0.0,,0.0
processed_receipt_raw.txt,필도로,,0.0,,0.0,,0.0,,0.0,,0.0,,0.0
processed_receipt_raw.txt,의중스,,0.0,,0.0,,0.0,영수증,0.7579365079365079,,0.0,,0.0
processed_receipt_raw.txt,번호,,0.0,카드번호,0.7142857142857143,,0.0,,0.0,,0.0,,0.0
processed_receipt_raw.txt,단말반호,,0.0,,0.0,,0.0,단가,0.7212121212121212,,0.0,,0.0
processed_receipt_raw.txt,코치즈습밥,,0.0,,0.0,,0.0,,0.0,,0.0,,0.0
processed_receipt_raw.txt,삼점김치철편,,0.0,,0.0,,0.0,,0.0,,0.0,,0.0
processed_receipt_raw.txt,신동국인,,0.0,,0.0,,0.0,신용승인,0.7222222222222223,,0.0,,0.0
processed_receipt_raw.txt,카드명침,카드명칭,0.75,카드명칭,0.9,카드명칭,0.8333333333333334,카드명칭,0.9333333333333332,카드명칭,0.75,카드명칭,0.9
processed_receipt_raw.txt,카카오뱀크,,0.0,,0.0,,0.0,,0.0,,0.0,,0.0
processed_receipt_raw.txt,가볍번호,가맹번호,0.75,가맹번호,0.7,가맹번호,0.8333333333333334,가맹번호,0.7999999999999999,가맹번호,0.75,가맹번호,0.7
processed_receipt_raw.txt,카드변호,카드번호,0.75,카드번호,0.8888888888888888,카드,0.8333333333333334,카드번호,0.9259259259259259,카드번호,0.75,카드번호,0.8888888888888888
processed_receipt_raw.txt,매입사,,0.0,,0.0,,0.0,,0.0,,0.0,,0.0
processed_receipt_raw.txt,국미카,,0.0,,0.0,,0.0,,0.0,,0.0,,0.0
processed_receipt_raw.txt,거래임,,0.0,거래일시,0.75,거래일시,0.7222222222222222,거래일시,0.8412698412698413,,0.0,,0.0
processed_receipt_raw.txt,안부기간,할부기간,0.75,할부기간,0.8,할부기간,0.8333333333333334,할부기간,0.8666666666666667,할부기간,0.75,할부기간,0.8
processed_receipt_raw.txt,잎시멘,,0.0,,0.0,,0.0,,0.0,,0.0,,0.0
processed_receipt_raw.txt,감사입니다,,0.0,,0.0,,0.0,가맹번호,0.7000000000000001,,0.0,,0.0
receipt10_raw.txt,동국대학교,,0.0,,0.0,,0.0,,0.0,,0.0,,0.0
receipt10_raw.txt,유원중,,0.0,,0.0,,0.0,,0.0,,0.0,,0.0
receipt10_raw.txt,만매,,0.0,판매,0.8,,0.0,판매,0.8666666666666667,,0.0,판매,0.8
receipt10_raw.txt,관리자,,0.0,,0.0,,0.0,,0.0,,0.0,,0.0
receipt10_raw.txt,번호,,0.0,카드번호,0.7142857142857143,,0.0,,0.0,,0.0,,0.0
receipt10_raw.txt,카페라떼,,0.0,,0.0,,0.0,,0.0,,0.0,,0.0
receipt10_raw.txt,주문밥계,주문합계,0.75,주문합계,0.9,주문합계,0.8333333333333334,주문합계,0.8962962962962964,주문합계,0.75,주문합계,0.9
receipt10_raw.txt,공립가액,공급가액,0.75,공급가액,0.8181818181818181,공급가액,0.8333333333333334,공급가액,0.7676767676767677,공급가액,0.75,공급가액,0.8181818181818181
receipt10_raw.txt,국민카드,,0.0,,0.0,,0.0,신용카드,0.7333333333333334,,0.0,,0.0
receipt10_raw.txt,임시불,,0.0,일시불,0.875,일시불,0.7777777777777777,일시불,0.9166666666666666,,0.0,일시불,0.875
receipt10_raw.txt,가행번호,가맹번호,0.75,가맹번호,0.9,가맹번호,0.8333333333333334,가맹번호,0.9333333333333332,가맹번호,0.75,가맹번호,0.9
receipt10_raw.txt,국민카드,,0.0,,0.0,,0.0,신용카드,0.7333333333333334,,0.0,,0.0
receipt10_raw.txt,승인금댁,승인금액,0.75,승인금액,0.9166666666666666,승인금액,0.8333333333333334,승인금액,0.9444444444444443,승인금액,0.75,승인금액,0.9166666666666666
receipt1_raw.txt,동국대화교소비자생,,0.0,,0.0,,0.0,,0.0,,0.0,,0.0
receipt1_raw.txt,환협동조합,,0.0,,0.0,,0.0,,0.0,,0.0,,0.0
receipt1_raw.txt,합순일,,0.0,,0.0,,0.0,할인,0.7296296296296297,,0.0,,0.0
receipt1_raw.txt,서울특별,,0.0,,0.0,,0.0,,0.0,,0.0,,0.0
receipt1_raw.txt,중구,,0.0,,0.0,,0.0,,0.0,,0.0,,0.0
receipt1_raw.txt,필동로,,0.0,,0.0,,0.0,,0.0,,0.0,,0.0
receipt1_raw.txt,번호,,0.0,카드번호,0.7142857142857143,,0.0,,0.0,,0.0,,0.0
receipt1_raw.txt,단말번호,,0.0,,0.0,,0.0,가맹번호,0.7787878787878788,,0.0,,0.0
receipt1_raw.txt,언치즈손밥,,0.0,,0.0,,0.0,,0.0,,0.0,,0.0
receipt1_raw.txt,삼경김치철만,,0.0,,0.0,,0.0,,0.0,,0.0,,0.0
receipt1_raw.txt,카드명침,카드명칭,0.75,카드명칭,0.9,카드명칭,0.8333333333333334,카드명칭,0.9333333333333332,카드명칭,0.75,카드명칭,0.9
receipt1_raw.txt,카카오,,0.0,,0.0,,0.0,,0.0,,0.0,,0.0
receipt1_raw.txt,가맣번호,가맹번호,0.75,가맹번호,0.8,가맹번호,0.8333333333333334,가맹번호,0.7833333333333333,가맹번호,0.75,가맹번호,0.8
receipt1_raw.txt,매입사,,0.0,,0.0,,0.0,,0.0,,0.0,,0.0
receipt1_raw.txt,국민카,,0.0,,0.0,,0.0,,0.0,,0.0,,0.0
receipt1_raw.txt,합부기간,할부기간,0.75,할부기간,0.9,할부기간,0.8333333333333334,할부기간,0.9333333333333332,할부기간,0.75,할부기간,0.9
receipt1_raw.txt,시물,,0.0,,0.0,,0.0,,0.0,,0.0,,0.0
receipt1_raw.txt,김사합다다,,0.0,,0.0,,0.0,,0.0,,0.0,,0.0
receipt2_raw.txt,동국대학교,,0.0,,0.0,,0.0,,0.0,,0.0,,0.0
receipt2_raw.txt,플켓,,0.0,,0.0,,0.0,,0.0,,0.0,,0.0
receipt2_raw.txt,유원종,,0.0,,0.0,,0.0,,0.0,,0.0,,0.0
receipt2_raw.txt,사업자번오,사업자번호,0.8,사업자번호,0.9166666666666666,사업자번호,0.8666666666666667,사업자번호,0.9444444444444443,사업자번호,0.8,사업자번호,0.9166666666666666
receipt2_raw.txt,만매,,0.0,판매,0.8,,0.0,판매,0.8666666666666667,,0.0,판매,0.8
receipt2_raw.txt,관리자,,0.0,,0.0,,0.0,,0.0,,0.0,,0.0
receipt2_raw.txt,번호,,0.0,카드번호,0.7142857142857143,,0.0,,0.0,,0.0,,0.0
receipt2_raw.txt,카페라떼,,0.0,,0.0,,0.0,,0.0,,0.0,,0.0
receipt2_raw.txt,주문말계,주문합계,0.75,주문합계,0.8,주문합계,0.8333333333333334,주문합계,0.8666666666666667,주문합계,0.75,주문합계,0.8
receipt2_raw.txt,받물금액,받은금액,0.75,받은금액,0.75,받은금액,0.8333333333333334,받은금액,0.7962962962962963,받은금액,0.75,받은금액,0.75
receipt2_raw.txt,공립가액,공급가액,0.75,공급가액,0.8181818181818181,공급가액,0.8333333333333334,공급가액,0.7676767676767677,공급가액,0.75,공급가액,0.8181818181818181
receipt2_raw.txt,제금액,결제금액,0.8571428571428572,금액,0.8571428571428572,결제금액,0.9166666666666666,금액,0.9166666666666666,결제금액,0.75,금액,0.75
receipt2_raw.txt,국민카드,,0.0,,0.0,,0.0,신용카드,0.7333333333333334,,0.0,,0.0
receipt2_raw.txt,카드먼호,카드번호,0.75,카드번호,0.8888888888888888,카드,0.8333333333333334,카드번호,0.9259259259259259,카드번호,0.75,카드번호,0.8888888888888888
receipt2_raw.txt,가맣번호,가맹번호,0.75,가맹번호,0.8,가맹번호,0.8333333333333334,가맹번호,0.7833333333333333,가맹번호,0.75,가맹번호,0.8
receipt2_raw.txt,국민카드,,0.0,,0.0,,0.0,신용카드,0.7333333333333334,,0.0,,0.0
receipt2_raw.txt,승인금댁,승인금액,0.75,승인금액,0.9166666666666666,승인금액,0.8333333333333334,승인금액,0.9444444444444443,승인금액,0.75,승인금액,0.9166666666666666
receipt3_raw.txt,동국대화교소비자생,,0.0,,0.0,,0.0,,0.0,,0.0,,0.0
receipt3_raw.txt,환협동조합,,0.0,,0.0,,0.0,,0.0,,0.0,,0.0
receipt3_raw.txt,합순일,,0.0,,0.0,,0.0,할인,0.7296296296296297,,0.0,,0.0
receipt3_raw.txt,서울특별,,0.0,,0.0,,0.0,,0.0,,0.0,,0.0
receipt3_raw.txt,중구,,0.0,,0.0,,0.0,,0.0,,0.0,,0.0
receipt3_raw.txt,필동로,,0.0,,0.0,,0.0,,0.0,,0.0,,0.0
receipt3_raw.txt,번호,,0.0,카드번호,0.7142857142857143,,0.0,,0.0,,0.0,,0.0
receipt3_raw.txt,단말번호,,0.0,,0.0,,0.0,가맹번호,0.7787878787878788,,0.0,,0.0
receipt3_raw.txt,언치즈손밥,,0.0,,0.0,,0.0,,0.0,,0.0,,0.0
receipt3_raw.txt,삼경김치철만,,0.0,,0.0,,0.0,,0.0,,0.0,,0.0
receipt3_raw.txt,카드명침,카드명칭,0.75,카드명칭,0.9,카드명칭,0.8333333333333334,카드명칭,0.9333333333333332,카드명칭,0.75,카드명칭,0.9
receipt3_raw.txt,카카오,,0.0,,0.0,,0.0,,0.0,,0.0,,0.0
receipt3_raw.txt,가맣번호,가맹번호,0.75,가맹번호,0.8,가맹번호,0.8333333333333334,가맹번호,0.7833333333333333,가맹번호,0.75,가맹번호,0.8
receipt3_raw.txt,매입사,,0.0,,0.0,,0.0,,0.0,,0.0,,0.0
receipt3_raw.txt,국민카,,0.0,,0.0,,0.0,,0.0,,0.0,,0.0
receipt3_raw.txt,합부기간,할부기간,0.75,할부기간,0.9,할부기간,0.8333333333333334,할부기간,0.9333333333333332,할부기간,0.75,할부기간,0.9
receipt3_raw.txt,시물,,0.0,,0.0,,0.0,,0.0,,0.0,,0.0
receipt3_raw.txt,김사합다다,,0.0,,0.0,,0.0,,0.0,,0.0,,0.0
receipt4_raw.txt,동국대,,0.0,,0.0,,0.0,,0.0,,0.0,,0.0
receipt4_raw.txt,학교소비자생활,,0.0,,0.0,,0.0,,0.0,,0.0,,0.0
receipt4_raw.txt,협동조합,,0.0,,0.0,,0.0,,0.0,,0.0,,0.0
receipt4_raw.txt,함순일,,0.0,,0.0,,0.0,할인,0.7296296296296297,,0.0,,0.0
receipt4_raw.txt,서물특별시,,0.0,,0.0,,0.0,,0.0,,0.0,,0.0
receipt4_raw.txt,출구,,0.0,,0.0,,0.0,,0.0,,0.0,,0.0
receipt4_raw.txt,필동로,,0.0,,0.0,,0.0,,0.0,,0.0,,0.0
receipt4_raw.txt,번호,,0.0,카드번호,0.7142857142857143,,0.0,,0.0,,0.0,,0.0
receipt4_raw.txt,단말번호,,0.0,,0.0,,0.0,가맹번호,0.7787878787878788,,0.0,,0.0
receipt4_raw.txt,치즈불닭,,0.0,,0.0,,0.0,,0.0,,0.0,,0.0
receipt4_raw.txt,철판,,0.0,,0.0,,0.0,,0.0,,0.0,,0.0
receipt4_raw.txt,신용습인,신용승인,0.75,신용승인,0.9166666666666666,신용승인,0.8333333333333334,신용승인,0.9444444444444443,신용승인,0.75,신용승인,0.9166666666666666
receipt4_raw.txt,카드명,카드명칭,0.8571428571428572,카드명칭,0.8235294117647058,카드명칭,0.9166666666666666,카드명칭,0.9,카드명칭,0.75,카드명칭,0.7
receipt4_raw.txt,하나체크카드,,0.0,,0.0,,0.0,,0.0,,0.0,,0.0
receipt4_raw.txt,가볍번호,가맹번호,0.75,가맹번호,0.7,가맹번호,0.8333333333333334,가맹번호,0.7999999999999999,가맹번호,0.75,가맹번호,0.7
receipt4_raw.txt,페널얼횟,,0.0,,0.0,,0.0,,0.0,,0.0,,0.0
receipt4_raw.txt,매입사,,0.0,,0.0,,0.0,,0.0,,0.0,,0.0
receipt4_raw.txt,하나카드,,0.0,,0.0,,0.0,,0.0,,0.0,,0.0
receipt4_raw.txt,일시,일시불,0.8,일시불,0.7692307692307692,일시불,0.8888888888888888,일시불,0.875,,0.0,,0.0
receipt4_raw.txt,한부기간,할부기간,0.75,할부기간,0.9,할부기간,0.8333333333333334,할부기간,0.9333333333333332,할부기간,0.75,할부기간,0.9
receipt4_raw.txt,일시물,,0.0,일시불,0.875,일시불,0.7777777777777777,일시불,0.9166666666666666,,0.0,일시불,0.875
receipt4_raw.txt,감시합니다,,0.0,,0.0,,0.0,,0.0,,0.0,,0.0
receipt5_raw.txt,동국대,,0.0,,0.0,,0.0,,0.0,,0.0,,0.0
receipt5_raw.txt,남산햄사,,0.0,,0.0,,0.0,,0.0,,0.0,,0.0
receipt5_raw.txt,리낌밥,,0.0,,0.0,,0.0,,0.0,,0.0,,0.0
receipt5_raw.txt,유원총,,0.0,,0.0,,0.0,,0.0,,0.0,,0.0
receipt5_raw.txt,신외번오,,0.0,,0.0,,0.0,승인번호,0.8007575757575758,,0.0,,0.0
receipt5_raw.txt,사업지번오,,0.0,사업자번호,0.8333333333333334,사업자번호,0.7333333333333334,사업자번호,0.888888888888889,,0.0,사업자번호,0.8333333333333334
receipt5_raw.txt,만매,,0.0,판매,0.8,,0.0,판매,0.8666666666666667,,0.0,판매,0.8
receipt5_raw.txt,관리지,,0.0,,0.0,,0.0,,0.0,,0.0,,0.0
receipt5_raw.txt,엉수,,0.0,영수,0.8,,0.0,영수,0.8666666666666667,,0.0,영수,0.8
receipt5_raw.txt,번오,,0.0,,0.0,,0.0,,0.0,,0.0,,0.0
receipt5_raw.txt,눈끗지스리볶이,,0.0,,0.0,,0.0,,0.0,,0.0,,0.0
receipt5_raw.txt,주문입계,주문합계,0.75,주문합계,0.8,주문합계,0.8333333333333334,주문합계,0.8666666666666667,주문합계,0.75,주문합계,0.8
receipt5_raw.txt,받들금액,받은금액,0.75,받은금액,0.8333333333333334,받은금액,0.8333333333333334,받은금액,0.888888888888889,받은금액,0.75,받은금액,0.8333333333333334
receipt5_raw.txt,제금액,결제금액,0.8571428571428572,금액,0.8571428571428572,결제금액,0.9166666666666666,금액,0.9166666666666666,결제금액,0.75,금액,0.75
receipt5_raw.txt,하나가드,,0.0,,0.0,,0.0,,0.0,,0.0,,0.0
receipt5_raw.txt,카드번오,카드번호,0.75,카드번호,0.8888888888888888,카드,0.8333333333333334,카드번호,0.9259259259259259,카드번호,0.75,카드번호,0.8888888888888888
receipt5_raw.txt,가맣번오,,0.0,가맹번호,0.7,,0.0,가맹번호,0.8962962962962964,,0.0,가맹번호,0.7
receipt5_raw.txt,하나카드,,0.0,,0.0,,0.0,,0.0,,0.0,,0.0
receipt5_raw.txt,진동탤번호,진동벨번호,0.8,진동벨번호,0.8571428571428572,진동벨번호,0.8666666666666667,진동벨번호,0.876984126984127,진동벨번호,0.8,진동벨번호,0.8571428571428572
receipt6_raw.txt,동국대학림관점,,0.0,,0.0,,0.0,,0.0,,0.0,,0.0
receipt6_raw.txt,동국대학공소비자생활현동조합,,0.0,,0.0,,0.0,,0.0,,0.0,,0.0
receipt6_raw.txt,서물특물시,,0.0,,0.0,,0.0,,0.0,,0.0,,0.0
receipt6_raw.txt,중구,,0.0,,0.0,,0.0,,0.0,,0.0,,0.0
receipt6_raw.txt,필동로,,0.0,,0.0,,0.0,,0.0,,0.0,,0.0
receipt6_raw.txt,상품,,0.0,,0.0,,0.0,,0.0,,0.0,,0.0
receipt6_raw.txt,순가로론코코제로요구르트,,0.0,,0.0,,0.0,,0.0,,0.0,,0.0
receipt6_raw.txt,신선함들그대로망고프,,0.0,,0.0,,0.0,,0.0,,0.0,,0.0
receipt6_raw.txt,펴쎄물물가액,,0.0,,0.0,물품가액,0.75,물품가액,0.8202020202020203,,0.0,,0.0
receipt6_raw.txt,출제금액,결제금액,0.75,결제금액,0.8181818181818181,결제금액,0.8333333333333334,결제금액,0.8787878787878789,결제금액,0.75,결제금액,0.8181818181818181
receipt6_raw.txt,하나체크카드,,0.0,,0.0,,0.0,,0.0,,0.0,,0.0
receipt6_raw.txt,번호,,0.0,카드번호,0.7142857142857143,,0.0,,0.0,,0.0,,0.0
receipt6_raw.txt,담당자,담당,0.8,담당,0.8571428571428572,담당,0.8888888888888888,담당,0.9166666666666666,,0.0,담당,0.75
receipt6_raw.txt,동국,,0.0,,0.0,,0.0,총금액,0.7037037037037037,,0.0,,0.0
receipt6_raw.txt,가맣문의,가맹문의,0.75,가맹문의,0.8,가맹문의,0.8333333333333334,가맹문의,0.7833333333333333,가맹문의,0.75,가맹문의,0.8
receipt6_raw.txt,적불하처에,,0.0,,0.0,,0.0,,0.0,,0.0,,0.0
receipt6_raw.txt,위해,,0.0,,0.0,,0.0,,0.0,,0.0,,0.0
receipt6_raw.txt,패붙활,,0.0,,0.0,,0.0,,0.0,,0.0,,0.0
receipt6_raw.txt,불시,,0.0,,0.0,,0.0,,0.0,,0.0,,0.0
receipt6_raw.txt,영수증올,영수증,0.8571428571428572,영수증,0.8421052631578947,영수증,0.9166666666666666,영수증,0.9090909090909092,영수증,0.75,영수증,0.7272727272727273
receipt6_raw.txt,참하서야,,0.0,,0.0,,0.0,담당,0.7037037037037037,,0.0,,0.0
receipt6_raw.txt,하여,,0.0,,0.0,,0.0,할인,0.75,,0.0,,0.0
receipt6_raw.txt,제는,,0.0,,0.0,,0.0,,0.0,,0.0,,0.0
receipt6_raw.txt,이내,,0.0,,0.0,,0.0,,0.0,,0.0,,0.0
receipt6_raw.txt,카티영수증,영수증,0.75,카드/영수증,0.8,카드/영수증,0.8222222222222223,영수증,0.8888888888888888,,0.0,카드/영수증,0.7692307692307692
receipt6_raw.txt,참시,,0.0,,0.0,,0.0,,0.0,,0.0,,0.0
receipt6_raw.txt,가능발닐다,,0.0,,0.0,,0.0,,0.0,,0.0,,0.0
receipt6_raw.txt,콤로,,0.0,,0.0,,0.0,,0.0,,0.0,,0.0
receipt6_raw.txt,쓸교빠출가,,0.0,,0.0,,0.0,,0.0,,0.0,,0.0
receipt6_raw.txt,혜택들,,0.0,,0.0,,0.0,,0.0,,0.0,,0.0
receipt6_raw.txt,가져가세요,,0.0,,0.0,,0.0,,0.0,,0.0,,0.0
receipt6_raw.txt,업스트어에서,,0.0,,0.0,,0.0,,0.0,,0.0,,0.0
receipt6_raw.txt,이마트,,0.0,,0.0,,0.0,,0.0,,0.0,,0.0
receipt6_raw.txt,검색하세요,,0.0,,0.0,,0.0,,0.0,,0.0,,0.0
receipt7_raw.txt,동국대,,0.0,,0.0,,0.0,,0.0,,0.0,,0.0
receipt7_raw.txt,학교소비자생활현동조합,,0.0,,0.0,,0.0,,0.0,,0.0,,0.0
receipt7_raw.txt,함순일,,0.0,,0.0,,0.0,할인,0.7296296296296297,,0.0,,0.0
receipt7_raw.txt,서물특별,,0.0,,0.0,,0.0,,0.0,,0.0,,0.0
receipt7_raw.txt,중구,,0.0,,0.0,,0.0,,0.0,,0.0,,0.0
receipt7_raw.txt,필동로,,0.0,,0.0,,0.0,,0.0,,0.0,,0.0
receipt7_raw.txt,번호,,0.0,카드번호,0.7142857142857143,,0.0,,0.0,,0.0,,0.0
receipt7_raw.txt,단말번호,,0.0,,0.0,,0.0,가맹번호,0.7787878787878788,,0.0,,0.0
receipt7_raw.txt,데리야끼치권손밥,,0.0,,0.0,,0.0,,0.0,,0.0,,0.0
receipt7_raw.txt,삼겹김치철판,,0.0,,0.0,,0.0,,0.0,,0.0,,0.0
receipt7_raw.txt,카드명,카드명칭,0.8571428571428572,카드명칭,0.8235294117647058,카드명칭,0.9166666666666666,카드명칭,0.9,카드명칭,0.75,카드명칭,0.7
receipt7_raw.txt,체크카드,,0.0,,0.0,,0.0,,0.0,,0.0,,0.0
receipt7_raw.txt,가맣번호,가맹번호,0.75,가맹번호,0.8,가맹번호,0.8333333333333334,가맹번호,0.7833333333333333,가맹번호,0.75,가맹번호,0.8
receipt7_raw.txt,매입사,,0.0,,0.0,,0.0,,0.0,,0.0,,0.0
receipt7_raw.txt,국민카,,0.0,,0.0,,0.0,,0.0,,0.0,,0.0
receipt7_raw.txt,한부기간,할부기간,0.75,할부기간,0.9,할부기간,0.8333333333333334,할부기간,0.9333333333333332,할부기간,0.75,할부기간,0.9
receipt7_raw.txt,사합니다,,0.0,,0.0,,0.0,,0.0,,0.0,,0.0
receipt8_raw.txt,동국대학교소비자생활협동조합,,0.0,,0.0,,0.0,,0.0,,0.0,,0.0
receipt8_raw.txt,전병훈,,0.0,,0.0,,0.0,전화번호,0.7000000000000001,,0.0,,0.0
receipt8_raw.txt,섞육표,,0.0,,0.0,,0.0,,0.0,,0.0,,0.0
receipt8_raw.txt,필동로,,0.0,,0.0,,0.0,,0.0,,0.0,,0.0
receipt8_raw.txt,이장중동,,0.0,,0.0,,0.0,,0.0,,0.0,,0.0
receipt8_raw.txt,동국,,0.0,,0.0,,0.0,총금액,0.7037037037037037,,0.0,,0.0
receipt8_raw.txt,교내,,0.0,,0.0,,0.0,,0.0,,0.0,,0.0
receipt8_raw.txt,번호,,0.0,카드번호,0.7142857142857143,,0.0,,0.0,,0.0,,0.0
receipt8_raw.txt,단말번호,,0.0,,0.0,,0.0,가맹번호,0.7787878787878788,,0.0,,0.0
receipt8_raw.txt,취즈울답철판,,0.0,,0.0,,0.0,,0.0,,0.0,,0.0
receipt8_raw.txt,하나체크카드,,0.0,,0.0,,0.0,,0.0,,0.0,,0.0
receipt8_raw.txt,매임시하하나카드,,0.0,,0.0,,0.0,,0.0,,0.0,,0.0
receipt8_raw.txt,신불갑시합나다,,0.0,,0.0,,0.0,,0.0,,0.0,,0.0
receipt9_raw.txt,틈금대학질품바,,0.0,,0.0,,0.0,,0.0,,0.0,,0.0
receipt9_raw.txt,막교소비자생활엽동조입,,0.0,,0.0,,0.0,,0.0,,0.0,,0.0
receipt9_raw.txt,서물특줄시,,0.0,,0.0,,0.0,,0.0,,0.0,,0.0
receipt9_raw.txt,중구,,0.0,,0.0,,0.0,,0.0,,0.0,,0.0
receipt9_raw.txt,필통로,,0.0,,0.0,,0.0,,0.0,,0.0,,0.0
receipt9_raw.txt,상품,,0.0,,0.0,,0.0,,0.0,,0.0,,0.0
receipt9_raw.txt,센키스트허나유자켓,,0.0,,0.0,,0.0,,0.0,,0.0,,0.0
receipt9_raw.txt,요주장살,,0.0,,0.0,,0.0,,0.0,,0.0,,0.0
receipt9_raw.txt,아입이,,0.0,,0.0,,0.0,승인일시,0.7229437229437229,,0.0,,0.0
receipt9_raw.txt,박얼음컵,,0.0,,0.0,,0.0,,0.0,,0.0,,0.0
receipt9_raw.txt,인절미맛마시논렉수,,0.0,,0.0,,0.0,,0.0,,0.0,,0.0
receipt9_raw.txt,곧렉물록가액,,0.0,,0.0,물품가액,0.75,,0.0,,0.0,,0.0
receipt9_raw.txt,텔금,,0.0,,0.0,,0.0,,0.0,,0.0,,0.0
receipt9_raw.txt,카카오페이,,0.0,,0.0,,0.0,,0.0,,0.0,,0.0
receipt9_raw.txt,카카오페이,,0.0,,0.0,,0.0,,0.0,,0.0,,0.0
receipt9_raw.txt,킬렉,,0.0,,0.0,,0.0,,0.0,,0.0,,0.0
receipt9_raw.txt,울치갈드,,0.0,,0.0,,0.0,,0.0,,0.0,,0.0
receipt9_raw.txt,금맺,,0.0,,0.0,,0.0,금액,0.7777777777777777,,0.0,,0.0
receipt9_raw.txt,사행롭번호,,0.0,사업자번호,0.72,사업자번호,0.7333333333333334,사업자번호,0.74002849002849,,0.0,,0.0
receipt9_raw.txt,담당자,담당,0.8,담당,0.8571428571428572,담당,0.8888888888888888,담당,0.9166666666666666,,0.0,담당,0.75
receipt9_raw.txt,동국,,0.0,,0.0,,0.0,총금액,0.7037037037037037,,0.0,,0.0
receipt9_raw.txt,가행문의,가맹문의,0.75,가맹문의,0.9,가맹문의,0.8333333333333334,가맹문의,0.8962962962962964,가맹문의,0.75,가맹문의,0.9
receipt9_raw.txt,부방침에,,0.0,,0.0,,0.0,,0.0,,0.0,,0.0
receipt9_raw.txt,의해,,0.0,,0.0,,0.0,,0.0,,0.0,,0.0
receipt9_raw.txt,봉시,,0.0,,0.0,,0.0,,0.0,,0.0,,0.0
receipt9_raw.txt,영수증을,영수증,0.8571428571428572,영수증,0.8421052631578947,영수증,0.9166666666666666,영수증,0.9090909090909092,영수증,0.75,영수증,0.7272727272727273
receipt9_raw.txt,출출출,,0.0,,0.0,,0.0,,0.0,,0.0,,0.0
receipt9_raw.txt,하여,,0.0,,0.0,,0.0,할인,0.75,,0.0,,0.0
receipt9_raw.txt,이대,,0.0,,0.0,,0.0,,0.0,,0.0,,0.0
receipt9_raw.txt,영수즘,영수,0.8,영수증,0.875,영수,0.8888888888888888,영수증,0.9166666666666666,,0.0,영수증,0.875
receipt9_raw.txt,지참시,,0.0,,0.0,,0.0,,0.0,,0.0,,0.0
receipt9_raw.txt,가능,,0.0,,0.0,,0.0,금액,0.7000000000000001,,0.0,,0.0
receipt9_raw.txt,식물,,0.0,,0.0,,0.0,,0.0,,0.0,,0.0
receipt9_raw.txt,교환,,0.0,,0.0,교환/환불,0.7999999999999999,교환/환불,0.8055555555555557,,0.0,,0.0
receipt9_raw.txt,교교들,,0.0,,0.0,,0.0,,0.0,,0.0,,0.0
receipt9_raw.txt,보다,,0.0,,0.0,,0.0,,0.0,,0.0,,0.0
receipt9_raw.txt,택을,,0.0,,0.0,,0.0,테이블,0.746031746031746,,0.0,,0.0
receipt9_raw.txt,가져가세요,,0.0,,0.0,,0.0,,0.0,,0.0,,0.0
receipt9_raw.txt,스트어에서,,0.0,,0.0,,0.0,,0.0,,0.0,,0.0
receipt9_raw.txt,이마트,,0.0,,0.0,,0.0,,0.0,,0.0,,0.0
receipt9_raw.txt,검색하세요,,0.0,,0.0,,0.0,,0.0,,0.0,,0.0
recipt10_bin_raw.txt,동국대혜화관원성점,,0.0,,0.0,,0.0,,0.0,,0.0,,0.0
recipt10_bin_raw.txt,동국대학교소비자생활,,0.0,,0.0,,0.0,,0.0,,0.0,,0.0
recipt10_bin_raw.txt,사물잘벌용,,0.0,,0.0,,0.0,,0.0,,0.0,,0.0
recipt10_bin_raw.txt,중직,,0.0,,0.0,,0.0,,0.0,,0.0,,0.0
recipt10_bin_raw.txt,중중절다,,0.0,,0.0,,0.0,,0.0,,0.0,,0.0
recipt10_bin_raw.txt,필동로,,0.0,,0.0,,0.0,,0.0,,0.0,,0.0
recipt10_bin_raw.txt,상품,,0.0,,0.0,,0.0,,0.0,,0.0,,0.0
recipt10_bin_raw.txt,영진,,0.0,,0.0,,0.0,승인,0.7777777777777777,,0.0,,0.0
recipt10_bin_raw.txt,짚취금지상각경발,,0.0,,0.0,,0.0,,0.0,,0.0,,0.0
recipt10_bin_raw.txt,관쎄물록,,0.0,,0.0,,0.0,,0.0,,0.0,,0.0
recipt10_bin_raw.txt,활제금렉,,0.0,,0.0,,0.0,결제금액,0.7575757575757575,,0.0,,0.0
recipt10_bin_raw.txt,십용카드,신용카드,0.75,신용카드,0.9,신용카드,0.8333333333333334,신용카드,0.9333333333333332,신용카드,0.75,신용카드,0.9
recipt10_bin_raw.txt,국민카드,,0.0,,0.0,,0.0,신용카드,0.7333333333333334,,0.0,,0.0
recipt10_bin_raw.txt,일시출,,0.0,일시불,0.875,일시불,0.7777777777777777,일시불,0.9166666666666666,,0.0,일시불,0.875
recipt10_bin_raw.txt,담당자,담당,0.8,담당,0.8571428571428572,담당,0.8888888888888888,담당,0.9166666666666666,,0.0,담당,0.75
recipt10_bin_raw.txt,동국,,0.0,,0.0,,0.0,총금액,0.7037037037037037,,0.0,,0.0
recipt10_bin_raw.txt,가메문위,,0.0,가맹문의,0.736842105263158,,0.0,가맹문의,0.7306878306878307,,0.0,가맹문의,0.7
recipt10_bin_raw.txt,방전에,,0.0,,0.0,,0.0,,0.0,,0.0,,0.0
recipt10_bin_raw.txt,앓해,,0.0,,0.0,,0.0,,0.0,,0.0,,0.0
recipt10_bin_raw.txt,콤안물,,0.0,,0.0,,0.0,,0.0,,0.0,,0.0
recipt10_bin_raw.txt,영술증,,0.0,영수증,0.9411764705882353,영수증,0.7777777777777777,영수증,0.9629629629629629,,0.0,영수증,0.8888888888888888
recipt10_bin_raw.txt,지잡시,,0.0,,0.0,,0.0,,0.0,,0.0,,0.0
recipt10_bin_raw.txt,가능국,,0.0,,0.0,,0.0,금액,0.7222222222222222,,0.0,,0.0
recipt10_bin_raw.txt,질질들,,0.0,,0.0,,0.0,,0.0,,0.0,,0.0
recipt10_bin_raw.txt,속술철,,0.0,,0.0,,0.0,,0.0,,0.0,,0.0
recipt10_bin_raw.txt,추쓸,,0.0,,0.0,,0.0,,0.0,,0.0,,0.0
recipt10_bin_raw.txt,빠출가,,0.0,,0.0,,0.0,,0.0,,0.0,,0.0
recipt10_bin_raw.txt,히흙트,,0.0,,0.0,,0.0,,0.0,,0.0,,0.0
recipt10_bin_raw.txt,스토어에서,,0.0,,0.0,,0.0,,0.0,,0.0,,0.0
recipt10_bin_raw.txt,검색하세요,,0.0,,0.0,,0.0,,0.0,,0.0,,0.0
recipt11_bin_raw.txt,동국대,,0.0,,0.0,,0.0,,0.0,,0.0,,0.0
recipt11_bin_raw.txt,남신학사,,0.0,,0.0,,0.0,,0.0,,0.0,,0.0
recipt11_bin_raw.txt,리낌,,0.0,,0.0,,0.0,,0.0,,0.0,,0.0
recipt11_bin_raw.txt,시인,,0.0,승인,0.7272727272727273,,0.0,승인,0.8222222222222223,,0.0,,0.0
recipt11_bin_raw.txt,반매,,0.0,판매,0.8,,0.0,판매,0.8666666666666667,,0.0,판매,0.8
recipt11_bin_raw.txt,반오,,0.0,,0.0,,0.0,,0.0,,0.0,,0.0
recipt11_bin_raw.txt,리디번,,0.0,,0.0,,0.0,,0.0,,0.0,,0.0
recipt11_bin_raw.txt,아래김님,,0.0,,0.0,,0.0,할인,0.7111111111111112,,0.0,,0.0
recipt11_bin_raw.txt,수문입,,0.0,,0.0,,0.0,주문합계,0.7083333333333334,,0.0,,0.0
recipt11_bin_raw.txt,밭음,,0.0,,0.0,,0.0,받은금액,0.75,,0.0,,0.0
recipt11_bin_raw.txt,어립,,0.0,,0.0,,0.0,,0.0,,0.0,,0.0
recipt11_bin_raw.txt,부기시액,,0.0,부가세액,0.7777777777777778,,0.0,부가세액,0.8518518518518517,,0.0,부가세액,0.7777777777777778
recipt11_bin_raw.txt,펼서,,0.0,,0.0,,0.0,,0.0,,0.0,,0.0
recipt11_bin_raw.txt,확느리,,0.0,,0.0,,0.0,,0.0,,0.0,,0.0
recipt11_bin_raw.txt,국인,,0.0,,0.0,,0.0,,0.0,,0.0,,0.0
recipt11_bin_raw.txt,먼오,,0.0,,0.0,,0.0,,0.0,,0.0,,0.0
recipt11_bin_raw.txt,일시붕,,0.0,일시불,0.875,일시불,0.7777777777777777,일시불,0.9166666666666666,,0.0,일시불,0.875
recipt11_bin_raw.txt,가맣번호,가맹번호,0.75,가맹번호,0.8,가맹번호,0.8333333333333334,가맹번호,0.7833333333333333,가맹번호,0.75,가맹번호,0.8
recipt11_bin_raw.txt,커민카드,,0.0,,0.0,,0.0,신용카드,0.7555555555555555,,0.0,,0.0
recipt11_bin_raw.txt,진동벌번호,진동벨번호,0.8,진동벨번호,0.9285714285714286,진동벨번호,0.8666666666666667,진동벨번호,0.9267399267399267,진동벨번호,0.8,진동벨번호,0.9285714285714286
recipt12_bin_raw.txt,교직원식당,,0.0,,0.0,,0.0,,0.0,,0.0,,0.0
recipt12_bin_raw.txt,전병순,,0.0,,0.0,,0.0,영수,0.7481481481481481,,0.0,,0.0
recipt12_bin_raw.txt,속울특별시,,0.0,,0.0,,0.0,,0.0,,0.0,,0.0
recipt12_bin_raw.txt,중구,,0.0,,0.0,,0.0,,0.0,,0.0,,0.0
recipt12_bin_raw.txt,중동,,0.0,,0.0,,0.0,,0.0,,0.0,,0.0
recipt12_bin_raw.txt,필동로갈해중,,0.0,,0.0,,0.0,,0.0,,0.0,,0.0
recipt12_bin_raw.txt,대학교,,0.0,,0.0,,0.0,,0.0,,0.0,,0.0
recipt12_bin_raw.txt,상품명,품명,0.8,품명,0.8,,0.0,품명,0.7777777777777777,,0.0,,0.0
recipt12_bin_raw.txt,하인,,0.0,할인,0.9090909090909091,,0.0,할인,0.9444444444444445,,0.0,할인,0.8333333333333334
recipt12_bin_raw.txt,식권,,0.0,,0.0,,0.0,,0.0,,0.0,,0.0
recipt12_bin_raw.txt,상품명,품명,0.8,품명,0.8,,0.0,품명,0.7777777777777777,,0.0,,0.0
recipt12_bin_raw.txt,표시는,,0.0,,0.0,,0.0,,0.0,,0.0,,0.0
recipt12_bin_raw.txt,부가세면세,,0.0,,0.0,부가세액,0.7833333333333333,부가세액,0.7373737373737373,,0.0,,0.0
recipt12_bin_raw.txt,품목업니다,,0.0,,0.0,,0.0,품명,0.7393162393162394,,0.0,,0.0
recipt12_bin_raw.txt,부가세,부가세액,0.8571428571428572,부가세액,0.8,부가세액,0.9166666666666666,부가세액,0.8888888888888888,부가세액,0.75,,0.0
recipt12_bin_raw.txt,부가세,부가세액,0.8571428571428572,부가세액,0.8,부가세액,0.9166666666666666,부가세액,0.8888888888888888,부가세액,0.75,,0.0
recipt12_bin_raw.txt,면세,,0.0,,0.0,,0.0,,0.0,,0.0,,0.0
recipt12_bin_raw.txt,결제소다,,0.0,결제수단,0.8421052631578947,,0.0,결제수단,0.8962962962962964,,0.0,결제수단,0.8
recipt12_bin_raw.txt,별결제내역,결제내역,0.8888888888888888,결제내역,0.8695652173913043,결제내역,0.9333333333333332,결제내역,0.7897435897435897,결제내역,0.8,결제내역,0.7692307692307692
recipt12_bin_raw.txt,카드결제,,0.0,,0.0,카드,0.8333333333333334,카드,0.8148148148148149,,0.0,,0.0
recipt12_bin_raw.txt,객용,,0.0,,0.0,,0.0,,0.0,,0.0,,0.0
recipt12_bin_raw.txt,대출전품,,0.0,,0.0,,0.0,,0.0,,0.0,,0.0
recipt12_bin_raw.txt,위실체크주,,0.0,,0.0,,0.0,,0.0,,0.0,,0.0
recipt12_bin_raw.txt,부가세,부가세액,0.8571428571428572,부가세액,0.8,부가세액,0.9166666666666666,부가세액,0.8888888888888888,부가세액,0.75,,0.0
recipt12_bin_raw.txt,매출표,,0.0,,0.0,,0.0,,0.0,,0.0,,0.0
recipt12_bin_raw.txt,최미선,,0.0,,0.0,,0.0,,0.0,,0.0,,0.0
recipt13_bin_raw.txt,동국대학교,,0.0,,0.0,,0.0,,0.0,,0.0,,0.0
recipt13_bin_raw.txt,유원중,,0.0,,0.0,,0.0,,0.0,,0.0,,0.0
recipt13_bin_raw.txt,만매,,0.0,판매,0.8,,0.0,판매,0.8666666666666667,,0.0,판매,0.8
recipt13_bin_raw.txt,관리자,,0.0,,0.0,,0.0,,0.0,,0.0,,0.0
recipt13_bin_raw.txt,번호,,0.0,카드번호,0.7142857142857143,,0.0,,0.0,,0.0,,0.0
recipt13_bin_raw.txt,카페라떼,,0.0,,0.0,,0.0,,0.0,,0.0,,0.0
recipt13_bin_raw.txt,주문밥계,주문합계,0.75,주문합계,0.9,주문합계,0.8333333333333334,주문합계,0.8962962962962964,주문합계,0.75,주문합계,0.9
recipt13_bin_raw.txt,공립가액,공급가액,0.75,공급가액,0.8181818181818181,공급가액,0.8333333333333334,공급가액,0.7676767676767677,공급가액,0.75,공급가액,0.8181818181818181
recipt13_bin_raw.txt,국민카드,,0.0,,0.0,,0.0,신용카드,0.7333333333333334,,0.0,,0.0
recipt13_bin_raw.txt,임시불,,0.0,일시불,0.875,일시불,0.7777777777777777,일시불,0.9166666666666666,,0.0,일시불,0.875
recipt13_bin_raw.txt,가행번호,가맹번호,0.75,가맹번호,0.9,가맹번호,0.8333333333333334,가맹번호,0.9333333333333332,가맹번호,0.75,가맹번호,0.9
recipt13_bin_raw.txt,국민카드,,0.0,,0.0,,0.0,신용카드,0.7333333333333334,,0.0,,0.0
recipt13_bin_raw.txt,승인금댁,승인금액,0.75,승인금액,0.9166666666666666,승인금액,0.8333333333333334,승인금액,0.9444444444444443,승인금액,0.75,승인금액,0.9166666666666666
recipt14_bin_raw.txt,동국대,,0.0,,0.0,,0.0,,0.0,,0.0,,0.0
recipt14_bin_raw.txt,남신학사,,0.0,,0.0,,0.0,,0.0,,0.0,,0.0
recipt14_bin_raw.txt,리낌,,0.0,,0.0,,0.0,,0.0,,0.0,,0.0
recipt14_bin_raw.txt,유된중,,0.0,,0.0,,0.0,,0.0,,0.0,,0.0
recipt14_bin_raw.txt,전와번오,,0.0,전화번호,0.8,,0.0,전화번호,0.8666666666666667,,0.0,전화번호,0.8
recipt14_bin_raw.txt,사업지번오,,0.0,사업자번호,0.8333333333333334,사업자번호,0.7333333333333334,사업자번호,0.888888888888889,,0.0,사업자번호,0.8333333333333334
recipt14_bin_raw.txt,만매,,0.0,판매,0.8,,0.0,판매,0.8666666666666667,,0.0,판매,0.8
recipt14_bin_raw.txt,담딩,,0.0,담당,0.8333333333333334,,0.0,담당,0.888888888888889,,0.0,담당,0.8333333333333334
recipt14_bin_raw.txt,관리지,,0.0,,0.0,,0.0,,0.0,,0.0,,0.0
recipt14_bin_raw.txt,번호,,0.0,카드번호,0.7142857142857143,,0.0,,0.0,,0.0,,0.0
recipt14_bin_raw.txt,아재김밥,,0.0,,0.0,,0.0,,0.0,,0.0,,0.0
recipt14_bin_raw.txt,리라면,,0.0,,0.0,,0.0,,0.0,,0.0,,0.0
recipt14_bin_raw.txt,주문말계,주문합계,0.75,주문합계,0.8,주문합계,0.8333333333333334,주문합계,0.8666666666666667,주문합계,0.75,주문합계,0.8
recipt14_bin_raw.txt,반율금,,0.0,,0.0,,0.0,,0.0,,0.0,,0.0
recipt14_bin_raw.txt,부기세액,부가세액,0.75,부가세액,0.8888888888888888,부가세액,0.8333333333333334,부가세액,0.9259259259259259,부가세액,0.75,부가세액,0.8888888888888888
recipt14_bin_raw.txt,제금관,,0.0,,0.0,결제금액,0.7222222222222222,금액,0.7222222222222222,,0.0,,0.0
recipt14_bin_raw.txt,국민키드,,0.0,,0.0,,0.0,,0.0,,0.0,,0.0
recipt14_bin_raw.txt,일시물,,0.0,일시불,0.875,일시불,0.7777777777777777,일시불,0.9166666666666666,,0.0,일시불,0.875
recipt14_bin_raw.txt,가행번호,가맹번호,0.75,가맹번호,0.9,가맹번호,0.8333333333333334,가맹번호,0.9333333333333332,가맹번호,0.75,가맹번호,0.9
recipt14_bin_raw.txt,국민카드,,0.0,,0.0,,0.0,신용카드,0.7333333333333334,,0.0,,0.0
recipt14_bin_raw.txt,진동벌번호,진동벨번호,0.8,진동벨번호,0.9285714285714286,진동벨번호,0.8666666666666667,진동벨번호,0.9267399267399267,진동벨번호,0.8,진동벨번호,0.9285714285714286
recipt15_bin_raw.txt,동국,,0.0,,0.0,,0.0,총금액,0.7037037037037037,,0.0,,0.0
recipt15_bin_raw.txt,남학,,0.0,,0.0,,0.0,주문합계,0.7111111111111112,,0.0,,0.0
recipt15_bin_raw.txt,리늄,,0.0,,0.0,,0.0,,0.0,,0.0,,0.0
recipt15_bin_raw.txt,유회품,,0.0,,0.0,,0.0,,0.0,,0.0,,0.0
recipt15_bin_raw.txt,만매,,0.0,판매,0.8,,0.0,판매,0.8666666666666667,,0.0,판매,0.8
recipt15_bin_raw.txt,관리자,,0.0,,0.0,,0.0,,0.0,,0.0,,0.0
recipt15_bin_raw.txt,테이밥,,0.0,테이블,0.7142857142857143,테이블,0.7777777777777777,테이블,0.8095238095238096,,0.0,테이블,0.7142857142857143
recipt15_bin_raw.txt,매짐,,0.0,,0.0,,0.0,매장,0.7333333333333334,,0.0,,0.0
recipt15_bin_raw.txt,번호,,0.0,카드번호,0.7142857142857143,,0.0,,0.0,,0.0,,0.0
recipt15_bin_raw.txt,야재리밥,,0.0,,0.0,,0.0,,0.0,,0.0,,0.0
recipt15_bin_raw.txt,리라면,,0.0,,0.0,,0.0,,0.0,,0.0,,0.0
recipt15_bin_raw.txt,주문만계,주문합계,0.75,주문합계,0.8,주문합계,0.8333333333333334,주문합계,0.8666666666666667,주문합계,0.75,주문합계,0.8
recipt15_bin_raw.txt,반금액,금액,0.8,받은금액,0.8571428571428572,총금액,0.7777777777777777,금액,0.8888888888888888,,0.0,받은금액,0.75
recipt15_bin_raw.txt,가액,,0.0,금액,0.7272727272727273,,0.0,금액,0.8222222222222223,,0.0,,0.0
recipt15_bin_raw.txt,저금액,금액,0.8,금액,0.8571428571428572,총금액,0.7777777777777777,금액,0.9166666666666666,,0.0,금액,0.75
recipt15_bin_raw.txt,순인,,0.0,,0.0,,0.0,승인,0.7777777777777777,,0.0,,0.0
recipt15_bin_raw.txt,국민카드,,0.0,,0.0,,0.0,신용카드,0.7333333333333334,,0.0,,0.0
recipt15_bin_raw.txt,습인인시,,0.0,승인일시,0.8181818181818181,,0.0,승인일시,0.8417508417508417,,0.0,승인일시,0.8181818181818181
recipt15_bin_raw.txt,습인번호,승인번호,0.75,승인번호,0.9090909090909091,승인번호,0.8333333333333334,승인번호,0.8727272727272727,승인번호,0.75,승인번호,0.9090909090909091
recipt15_bin_raw.txt,일시톱,,0.0,일시불,0.75,일시불,0.7777777777777777,일시불,0.8333333333333334,,0.0,,0.0
recipt15_bin_raw.txt,가볍번호,가맹번호,0.75,가맹번호,0.7,가맹번호,0.8333333333333334,가맹번호,0.7999999999999999,가맹번호,0.75,가맹번호,0.7
recipt15_bin_raw.txt,국민카드,,0.0,,0.0,,0.0,신용카드,0.7333333333333334,,0.0,,0.0
recipt15_bin_raw.txt,습인금액,승인금액,0.75,승인금액,0.9166666666666666,승인금액,0.8333333333333334,승인금액,0.9444444444444443,승인금액,0.75,승인금액,0.9166666666666666
recipt15_bin_raw.txt,진동벌번호,진동벨번호,0.8,진동벨번호,0.9285714285714286,진동벨번호,0.8666666666666667,진동벨번호,0.9267399267399267,진동벨번호,0.8,진동벨번호,0.9285714285714286
recipt16_bin_raw.txt,동국대학교소비자생환,,0.0,,0.0,,0.0,,0.0,,0.0,,0.0
recipt16_bin_raw.txt,협도조합,,0.0,,0.0,,0.0,,0.0,,0.0,,0.0
recipt16_bin_raw.txt,김상경,,0.0,,0.0,,0.0,금액,0.7037037037037037,,0.0,,0.0
recipt16_bin_raw.txt,섞육허,,0.0,,0.0,,0.0,,0.0,,0.0,,0.0
recipt16_bin_raw.txt,필동로,,0.0,,0.0,,0.0,,0.0,,0.0,,0.0
recipt16_bin_raw.txt,경충동,,0.0,,0.0,,0.0,,0.0,,0.0,,0.0
recipt16_bin_raw.txt,동국,,0.0,,0.0,,0.0,총금액,0.7037037037037037,,0.0,,0.0
recipt16_bin_raw.txt,번호,,0.0,카드번호,0.7142857142857143,,0.0,,0.0,,0.0,,0.0
recipt16_bin_raw.txt,단만번호,,0.0,,0.0,,0.0,가맹번호,0.7311688311688312,,0.0,,0.0
recipt16_bin_raw.txt,훔치목수,,0.0,,0.0,,0.0,,0.0,,0.0,,0.0
recipt16_bin_raw.txt,우리체크,,0.0,,0.0,,0.0,,0.0,,0.0,,0.0
recipt16_bin_raw.txt,심비씨카드사,,0.0,,0.0,,0.0,,0.0,,0.0,,0.0
recipt16_bin_raw.txt,흑밭,,0.0,,0.0,,0.0,,0.0,,0.0,,0.0
recipt16_bin_raw.txt,러절,,0.0,,0.0,,0.0,,0.0,,0.0,,0.0
recipt16_bin_raw.txt,렌시,,0.0,,0.0,,0.0,,0.0,,0.0,,0.0
recipt16_bin_raw.txt,갑사깥니다,,0.0,,0.0,,0.0,,0.0,,0.0,,0.0
recipt17_bin_raw.txt,동국대학교소비자생혹,,0.0,,0.0,,0.0,,0.0,,0.0,,0.0
recipt17_bin_raw.txt,별동조합,,0.0,,0.0,,0.0,,0.0,,0.0,,0.0
recipt17_bin_raw.txt,김상경,,0.0,,0.0,,0.0,금액,0.7037037037037037,,0.0,,0.0
recipt17_bin_raw.txt,색록요,,0.0,,0.0,,0.0,,0.0,,0.0,,0.0
recipt17_bin_raw.txt,필동로,,0.0,,0.0,,0.0,,0.0,,0.0,,0.0
recipt17_bin_raw.txt,장충동,,0.0,,0.0,,0.0,,0.0,,0.0,,0.0
recipt17_bin_raw.txt,동국,,0.0,,0.0,,0.0,총금액,0.7037037037037037,,0.0,,0.0
recipt17_bin_raw.txt,맨버,,0.0,,0.0,,0.0,가맹번호,0.7333333333333334,,0.0,,0.0
recipt17_bin_raw.txt,훈지독수,,0.0,,0.0,,0.0,,0.0,,0.0,,0.0
recipt17_bin_raw.txt,합겨금액,합계금액,0.75,합계금액,0.9090909090909091,합계금액,0.8333333333333334,합계금액,0.9393939393939394,합계금액,0.75,합계금액,0.9090909090909091
recipt17_bin_raw.txt,우리체크,,0.0,,0.0,,0.0,,0.0,,0.0,,0.0
recipt17_bin_raw.txt,맨주심,,0.0,,0.0,,0.0,,0.0,,0.0,,0.0
recipt17_bin_raw.txt,비씨카드사,,0.0,,0.0,,0.0,카드,0.7999999999999999,,0.0,,0.0
recipt17_bin_raw.txt,갑사한니다,,0.0,,0.0,,0.0,,0.0,,0.0,,0.0
recipt1_bin_raw.txt,둘국대라교소비자생,,0.0,,0.0,,0.0,,0.0,,0.0,,0.0
recipt1_bin_raw.txt,업동조입,,0.0,,0.0,,0.0,,0.0,,0.0,,0.0
recipt1_bin_raw.txt,갑순일,,0.0,,0.0,,0.0,,0.0,,0.0,,0.0
recipt1_bin_raw.txt,서울특별시,,0.0,,0.0,,0.0,,0.0,,0.0,,0.0
recipt1_bin_raw.txt,중구,,0.0,,0.0,,0.0,,0.0,,0.0,,0.0
recipt1_bin_raw.txt,필동로,,0.0,,0.0,,0.0,,0.0,,0.0,,0.0
recipt1_bin_raw.txt,번호,,0.0,카드번호,0.7142857142857143,,0.0,,0.0,,0.0,,0.0
recipt1_bin_raw.txt,단말번호,,0.0,,0.0,,0.0,가맹번호,0.7787878787878788,,0.0,,0.0
recipt1_bin_raw.txt,서치즈손밥,,0.0,,0.0,,0.0,,0.0,,0.0,,0.0
recipt1_bin_raw.txt,삼경김치철판,,0.0,,0.0,,0.0,,0.0,,0.0,,0.0
recipt1_bin_raw.txt,신육승인,신용승인,0.75,신용승인,0.8333333333333334,신용승인,0.8333333333333334,신용승인,0.8555555555555556,신용승인,0.75,신용승인,0.8333333333333334
recipt1_bin_raw.txt,카드명침,카드명칭,0.75,카드명칭,0.9,카드명칭,0.8333333333333334,카드명칭,0.9333333333333332,카드명칭,0.75,카드명칭,0.9
recipt1_bin_raw.txt,카카오,,0.0,,0.0,,0.0,,0.0,,0.0,,0.0
recipt1_bin_raw.txt,가볍번호,가맹번호,0.75,가맹번호,0.7,가맹번호,0.8333333333333334,가맹번호,0.7999999999999999,가맹번호,0.75,가맹번호,0.7
recipt1_bin_raw.txt,매입사,,0.0,,0.0,,0.0,,0.0,,0.0,,0.0
recipt1_bin_raw.txt,국민카,,0.0,,0.0,,0.0,,0.0,,0.0,,0.0
recipt1_bin_raw.txt,거래임,,0.0,거래일시,0.75,거래일시,0.7222222222222222,거래일시,0.8412698412698413,,0.0,,0.0
recipt1_bin_raw.txt,바부기간,할부기간,0.75,할부기간,0.8421052631578947,할부기간,0.8333333333333334,할부기간,0.8546296296296297,할부기간,0.75,할부기간,0.8
recipt1_bin_raw.txt,시물,,0.0,,0.0,,0.0,,0.0,,0.0,,0.0
recipt1_bin_raw.txt,감사합니다,,0.0,,0.0,,0.0,,0.0,,0.0,,0.0
recipt2_bin_raw.txt,동국학교,,0.0,,0.0,,0.0,,0.0,,0.0,,0.0
recipt2_bin_raw.txt,플바켓,,0.0,,0.0,,0.0,,0.0,,0.0,,0.0
recipt2_bin_raw.txt,유원품,,0.0,,0.0,,0.0,,0.0,,0.0,,0.0
recipt2_bin_raw.txt,담담,,0.0,담당,0.8333333333333334,,0.0,담당,0.888888888888889,,0.0,담당,0.8333333333333334
recipt2_bin_raw.txt,관리자,,0.0,,0.0,,0.0,,0.0,,0.0,,0.0
recipt2_bin_raw.txt,테이다,,0.0,,0.0,테이블,0.7777777777777777,테이블,0.746031746031746,,0.0,,0.0
recipt2_bin_raw.txt,모장,,0.0,포장,0.8,,0.0,포장,0.8666666666666667,,0.0,포장,0.8
recipt2_bin_raw.txt,염수,,0.0,영수,0.8,,0.0,영수,0.8666666666666667,,0.0,영수,0.8
recipt2_bin_raw.txt,번호,,0.0,카드번호,0.7142857142857143,,0.0,,0.0,,0.0,,0.0
recipt2_bin_raw.txt,카페라떼,,0.0,,0.0,,0.0,,0.0,,0.0,,0.0
recipt2_bin_raw.txt,주문함계,주문합계,0.75,주문합계,0.9,주문합계,0.8333333333333334,주문합계,0.9333333333333332,주문합계,0.75,주문합계,0.9
recipt2_bin_raw.txt,가액,,0.0,금액,0.7272727272727273,,0.0,금액,0.8222222222222223,,0.0,,0.0
recipt2_bin_raw.txt,현제금액,결제금액,0.75,결제금액,0.8181818181818181,결제금액,0.8333333333333334,결제금액,0.8787878787878789,결제금액,0.75,결제금액,0.8181818181818181
recipt2_bin_raw.txt,중인,,0.0,,0.0,,0.0,승인,0.7777777777777777,,0.0,,0.0
recipt2_bin_raw.txt,국민카드,,0.0,,0.0,,0.0,신용카드,0.7333333333333334,,0.0,,0.0
recipt2_bin_raw.txt,승인임시,승인일시,0.75,승인일시,0.9090909090909091,승인일시,0.8333333333333334,승인일시,0.9393939393939394,승인일시,0.75,승인일시,0.9090909090909091
recipt2_bin_raw.txt,카드면호,카드번호,0.75,카드번호,0.7777777777777778,카드,0.8333333333333334,카드번호,0.8518518518518517,카드번호,0.75,카드번호,0.7777777777777778
recipt2_bin_raw.txt,숨인번호,승인번호,0.75,승인번호,0.8181818181818181,승인번호,0.8333333333333334,승인번호,0.8787878787878789,승인번호,0.75,승인번호,0.8181818181818181
recipt2_bin_raw.txt,임시붕,,0.0,일시불,0.75,,0.0,일시불,0.8333333333333334,,0.0,일시불,0.75
recipt2_bin_raw.txt,가행번호,가맹번호,0.75,가맹번호,0.9,가맹번호,0.8333333333333334,가맹번호,0.9333333333333332,가맹번호,0.75,가맹번호,0.9
recipt2_bin_raw.txt,국민카드,,0.0,,0.0,,0.0,신용카드,0.7333333333333334,,0.0,,0.0
recipt2_bin_raw.txt,습인금액,승인금액,0.75,승인금액,0.9166666666666666,승인금액,0.8333333333333334,승인금액,0.9444444444444443,승인금액,0.75,승인금액,0.9166666666666666
recipt3_bin_raw.txt,교직원식당,,0.0,,0.0,,0.0,,0.0,,0.0,,0.0
recipt3_bin_raw.txt,전병볕,,0.0,,0.0,,0.0,,0.0,,0.0,,0.0
recipt3_bin_raw.txt,설울특별시,,0.0,,0.0,,0.0,,0.0,,0.0,,0.0
recipt3_bin_raw.txt,중구,,0.0,,0.0,,0.0,,0.0,,0.0,,0.0
recipt3_bin_raw.txt,당촌동오가,,0.0,,0.0,,0.0,,0.0,,0.0,,0.0
recipt3_bin_raw.txt,필동로,,0.0,,0.0,,0.0,,0.0,,0.0,,0.0
recipt3_bin_raw.txt,대학교,,0.0,,0.0,,0.0,,0.0,,0.0,,0.0
recipt3_bin_raw.txt,상품명,품명,0.8,품명,0.8,,0.0,품명,0.7777777777777777,,0.0,,0.0
recipt3_bin_raw.txt,식권,,0.0,,0.0,,0.0,,0.0,,0.0,,0.0
recipt3_bin_raw.txt,상품명,품명,0.8,품명,0.8,,0.0,품명,0.7777777777777777,,0.0,,0.0
recipt3_bin_raw.txt,표시는,,0.0,,0.0,,0.0,,0.0,,0.0,,0.0
recipt3_bin_raw.txt,부가세면세,,0.0,,0.0,부가세액,0.7833333333333333,부가세액,0.7373737373737373,,0.0,,0.0
recipt3_bin_raw.txt,품목업니다,,0.0,,0.0,,0.0,품명,0.7393162393162394,,0.0,,0.0
recipt3_bin_raw.txt,부가세,부가세액,0.8571428571428572,부가세액,0.8,부가세액,0.9166666666666666,부가세액,0.8888888888888888,부가세액,0.75,,0.0
recipt3_bin_raw.txt,부가세,부가세액,0.8571428571428572,부가세액,0.8,부가세액,0.9166666666666666,부가세액,0.8888888888888888,부가세액,0.75,,0.0
recipt3_bin_raw.txt,면세,,0.0,,0.0,,0.0,,0.0,,0.0,,0.0
recipt3_bin_raw.txt,올금액,금액,0.8,금액,0.8,총금액,0.7777777777777777,총금액,0.8842592592592592,,0.0,총금액,0.7777777777777778
recipt3_bin_raw.txt,결제소단별결제내역,,0.0,,0.0,,0.0,결제수단,0.7637681159420291,,0.0,,0.0
recipt3_bin_raw.txt,카드결제,,0.0,,0.0,카드,0.8333333333333334,카드,0.8148148148148149,,0.0,,0.0
recipt3_bin_raw.txt,매출전문,,0.0,,0.0,,0.0,,0.0,,0.0,,0.0
recipt3_bin_raw.txt,객용,,0.0,,0.0,,0.0,,0.0,,0.0,,0.0
recipt3_bin_raw.txt,후리체크,,0.0,,0.0,,0.0,,0.0,,0.0,,0.0
recipt3_bin_raw.txt,부가세,부가세액,0.8571428571428572,부가세액,0.8,부가세액,0.9166666666666666,부가세액,0.8888888888888888,부가세액,0.75,,0.0
recipt3_bin_raw.txt,매출표,,0.0,,0.0,,0.0,,0.0,,0.0,,0.0
recipt3_bin_raw.txt,최미선,,0.0,,0.0,,0.0,,0.0,,0.0,,0.0
recipt4_bin_raw.txt,동국대화교소비자생,,0.0,,0.0,,0.0,,0.0,,0.0,,0.0
recipt4_bin_raw.txt,최조합,,0.0,,0.0,,0.0,,0.0,,0.0,,0.0
recipt4_bin_raw.txt,합순일,,0.0,,0.0,,0.0,할인,0.7296296296296297,,0.0,,0.0
recipt4_bin_raw.txt,서물특별시,,0.0,,0.0,,0.0,,0.0,,0.0,,0.0
recipt4_bin_raw.txt,중구,,0.0,,0.0,,0.0,,0.0,,0.0,,0.0
recipt4_bin_raw.txt,필동로,,0.0,,0.0,,0.0,,0.0,,0.0,,0.0
recipt4_bin_raw.txt,번호,,0.0,카드번호,0.7142857142857143,,0.0,,0.0,,0.0,,0.0
recipt4_bin_raw.txt,단말번호,,0.0,,0.0,,0.0,가맹번호,0.7787878787878788,,0.0,,0.0
recipt4_bin_raw.txt,치즈불닭,,0.0,,0.0,,0.0,,0.0,,0.0,,0.0
recipt4_bin_raw.txt,철만,,0.0,,0.0,,0.0,,0.0,,0.0,,0.0
recipt4_bin_raw.txt,카드명침,카드명칭,0.75,카드명칭,0.9,카드명칭,0.8333333333333334,카드명칭,0.9333333333333332,카드명칭,0.75,카드명칭,0.9
recipt4_bin_raw.txt,하나체크카드,,0.0,,0.0,,0.0,,0.0,,0.0,,0.0
recipt4_bin_raw.txt,가볍번호,가맹번호,0.75,가맹번호,0.7,가맹번호,0.8333333333333334,가맹번호,0.7999999999999999,가맹번호,0.75,가맹번호,0.7
recipt4_bin_raw.txt,매입사,,0.0,,0.0,,0.0,,0.0,,0.0,,0.0
recipt4_bin_raw.txt,하나카드,,0.0,,0.0,,0.0,,0.0,,0.0,,0.0
recipt4_bin_raw.txt,한부기간,할부기간,0.75,할부기간,0.9,할부기간,0.8333333333333334,할부기간,0.9333333333333332,할부기간,0.75,할부기간,0.9
recipt4_bin_raw.txt,일시품,,0.0,일시불,0.75,일시불,0.7777777777777777,일시불,0.8333333333333334,,0.0,일시불,0.75
recipt4_bin_raw.txt,감사합니다,,0.0,,0.0,,0.0,,0.0,,0.0,,0.0
recipt5_bin_raw.txt,동국,,0.0,,0.0,,0.0,총금액,0.7037037037037037,,0.0,,0.0
recipt5_bin_raw.txt,남산렉,,0.0,,0.0,,0.0,,0.0,,0.0,,0.0
recipt5_bin_raw.txt,리계,,0.0,,0.0,,0.0,,0.0,,0.0,,0.0
recipt5_bin_raw.txt,유원숨,,0.0,,0.0,,0.0,영수,0.7666666666666666,,0.0,,0.0
recipt5_bin_raw.txt,선회번모,,0.0,전화번호,0.7,,0.0,전화번호,0.7999999999999999,,0.0,전화번호,0.7
recipt5_bin_raw.txt,사업시반오,,0.0,,0.0,,0.0,사업자번호,0.7962962962962963,,0.0,,0.0
recipt5_bin_raw.txt,만매,,0.0,판매,0.8,,0.0,판매,0.8666666666666667,,0.0,판매,0.8
recipt5_bin_raw.txt,관리자,,0.0,,0.0,,0.0,,0.0,,0.0,,0.0
recipt5_bin_raw.txt,엉수,,0.0,영수,0.8,,0.0,영수,0.8666666666666667,,0.0,영수,0.8
recipt5_bin_raw.txt,번오,,0.0,,0.0,,0.0,,0.0,,0.0,,0.0
recipt5_bin_raw.txt,눈처지스리볶이,,0.0,,0.0,,0.0,,0.0,,0.0,,0.0
recipt5_bin_raw.txt,주문템계,주문합계,0.75,주문합계,0.7,주문합계,0.8333333333333334,주문합계,0.7999999999999999,주문합계,0.75,주문합계,0.7
recipt5_bin_raw.txt,발월,,0.0,,0.0,,0.0,,0.0,,0.0,,0.0
recipt5_bin_raw.txt,월픽,,0.0,,0.0,,0.0,,0.0,,0.0,,0.0
recipt5_bin_raw.txt,컴급바백,,0.0,,0.0,,0.0,,0.0,,0.0,,0.0
recipt5_bin_raw.txt,실제,,0.0,,0.0,,0.0,,0.0,,0.0,,0.0
recipt5_bin_raw.txt,키드,,0.0,카드,0.75,,0.0,카드,0.8333333333333334,,0.0,카드,0.75
recipt5_bin_raw.txt,이니가드,,0.0,,0.0,,0.0,신용카드,0.7277777777777779,,0.0,,0.0
recipt5_bin_raw.txt,숨인일시,승인일시,0.75,승인일시,0.8181818181818181,승인일시,0.8333333333333334,승인일시,0.8417508417508417,승인일시,0.75,승인일시,0.8181818181818181
recipt5_bin_raw.txt,습인번모,,0.0,승인번호,0.8181818181818181,,0.0,승인번호,0.8047138047138048,,0.0,승인번호,0.8181818181818181
recipt5_bin_raw.txt,원시,,0.0,,0.0,,0.0,,0.0,,0.0,,0.0
recipt5_bin_raw.txt,가볍번모,,0.0,,0.0,,0.0,가맹번호,0.7333333333333334,,0.0,,0.0
recipt5_bin_raw.txt,하나카드,,0.0,,0.0,,0.0,,0.0,,0.0,,0.0
recipt5_bin_raw.txt,진동벌번호,진동벨번호,0.8,진동벨번호,0.9285714285714286,진동벨번호,0.8666666666666667,진동벨번호,0.9267399267399267,진동벨번호,0.8,진동벨번호,0.9285714285714286
recipt6_bin_raw.txt,동국대막림관점,,0.0,,0.0,,0.0,,0.0,,0.0,,0.0
recipt6_bin_raw.txt,표자,대표자,0.8,대표자,0.8,,0.0,대표자,0.8888888888888888,,0.0,,0.0
recipt6_bin_raw.txt,유출문증실발,,0.0,,0.0,,0.0,,0.0,,0.0,,0.0
recipt6_bin_raw.txt,사월,,0.0,,0.0,,0.0,,0.0,,0.0,,0.0
recipt6_bin_raw.txt,잘별휴,,0.0,,0.0,,0.0,,0.0,,0.0,,0.0
recipt6_bin_raw.txt,필동로,,0.0,,0.0,,0.0,,0.0,,0.0,,0.0
recipt6_bin_raw.txt,상품,,0.0,,0.0,,0.0,,0.0,,0.0,,0.0
recipt6_bin_raw.txt,순가로로코국제로요구름트,,0.0,,0.0,,0.0,,0.0,,0.0,,0.0
recipt6_bin_raw.txt,오개중퓨교중대로망큼,,0.0,,0.0,,0.0,,0.0,,0.0,,0.0
recipt6_bin_raw.txt,과색부,,0.0,,0.0,,0.0,과세,0.7261904761904763,,0.0,,0.0
recipt6_bin_raw.txt,국액,,0.0,,0.0,,0.0,금액,0.7777777777777777,,0.0,,0.0
recipt6_bin_raw.txt,활금,,0.0,,0.0,,0.0,,0.0,,0.0,,0.0
recipt6_bin_raw.txt,권제수단,결제수단,0.75,결제수단,0.8,결제수단,0.8333333333333334,결제수단,0.8666666666666667,결제수단,0.75,결제수단,0.8
recipt6_bin_raw.txt,어제국카드,,0.0,,0.0,,0.0,,0.0,,0.0,,0.0
recipt6_bin_raw.txt,담당자,담당,0.8,담당,0.8571428571428572,담당,0.8888888888888888,담당,0.9166666666666666,,0.0,담당,0.75
recipt6_bin_raw.txt,중국,,0.0,,0.0,,0.0,,0.0,,0.0,,0.0
recipt6_bin_raw.txt,가행문의,가맹문의,0.75,가맹문의,0.9,가맹문의,0.8333333333333334,가맹문의,0.8962962962962964,가맹문의,0.75,가맹문의,0.9
recipt6_bin_raw.txt,훨제,,0.0,,0.0,,0.0,,0.0,,0.0,,0.0
recipt6_bin_raw.txt,영술중때,,0.0,영수증,0.736842105263158,,0.0,영수증,0.837121212121212,,0.0,,0.0
recipt6_bin_raw.txt,출양지,,0.0,,0.0,,0.0,,0.0,,0.0,,0.0
recipt6_bin_raw.txt,형수출,,0.0,,0.0,,0.0,,0.0,,0.0,,0.0
recipt6_bin_raw.txt,지갑시,,0.0,,0.0,,0.0,,0.0,,0.0,,0.0
recipt6_bin_raw.txt,교환,,0.0,,0.0,교환/환불,0.7999999999999999,교환/환불,0.8055555555555557,,0.0,,0.0
recipt6_bin_raw.txt,의가,,0.0,,0.0,,0.0,,0.0,,0.0,,0.0
recipt6_bin_raw.txt,위식트,,0.0,,0.0,,0.0,,0.0,,0.0,,0.0
recipt6_bin_raw.txt,등속,,0.0,,0.0,,0.0,,0.0,,0.0,,0.0
recipt6_bin_raw.txt,하앞스,,0.0,,0.0,,0.0,,0.0,,0.0,,0.0
recipt6_bin_raw.txt,보로어다,,0.0,,0.0,,0.0,,0.0,,0.0,,0.0
recipt6_bin_raw.txt,어저구제용트,,0.0,,0.0,,0.0,,0.0,,0.0,,0.0
recipt6_bin_raw.txt,검색하세요,,0.0,,0.0,,0.0,,0.0,,0.0,,0.0
recipt7_bin_raw.txt,중국대,,0.0,,0.0,,0.0,,0.0,,0.0,,0.0
recipt7_bin_raw.txt,화교소비자생,,0.0,,0.0,,0.0,,0.0,,0.0,,0.0
recipt7_bin_raw.txt,현동조합,,0.0,,0.0,,0.0,,0.0,,0.0,,0.0
recipt7_bin_raw.txt,합순인,,0.0,,0.0,,0.0,단순변심,0.7394179894179894,,0.0,,0.0
recipt7_bin_raw.txt,주변,,0.0,,0.0,,0.0,,0.0,,0.0,,0.0
recipt7_bin_raw.txt,중구,,0.0,,0.0,,0.0,,0.0,,0.0,,0.0
recipt7_bin_raw.txt,필둘로,,0.0,,0.0,,0.0,,0.0,,0.0,,0.0
recipt7_bin_raw.txt,스스,,0.0,,0.0,,0.0,,0.0,,0.0,,0.0
recipt7_bin_raw.txt,번초,,0.0,,0.0,,0.0,,0.0,,0.0,,0.0
recipt7_bin_raw.txt,단마,,0.0,단가,0.8,,0.0,단가,0.8666666666666667,,0.0,단가,0.8
recipt7_bin_raw.txt,번호,,0.0,카드번호,0.7142857142857143,,0.0,,0.0,,0.0,,0.0
recipt7_bin_raw.txt,데리야끼치권출밥,,0.0,,0.0,,0.0,,0.0,,0.0,,0.0
recipt7_bin_raw.txt,삼경립치적판,,0.0,,0.0,,0.0,,0.0,,0.0,,0.0
recipt7_bin_raw.txt,신용습인,신용승인,0.75,신용승인,0.9166666666666666,신용승인,0.8333333333333334,신용승인,0.9444444444444443,신용승인,0.75,신용승인,0.9166666666666666
recipt7_bin_raw.txt,크카드,카드,0.8,카드,0.8,카드명칭,0.7222222222222222,카드,0.8055555555555555,,0.0,,0.0
recipt7_bin_raw.txt,매입사,,0.0,,0.0,,0.0,,0.0,,0.0,,0.0
recipt7_bin_raw.txt,국미카,,0.0,,0.0,,0.0,,0.0,,0.0,,0.0
recipt7_bin_raw.txt,사라니다,,0.0,,0.0,,0.0,,0.0,,0.0,,0.0
recipt8_bin_raw.txt,동국대학교소비지생활협동조합,,0.0,,0.0,,0.0,,0.0,,0.0,,0.0
recipt8_bin_raw.txt,전병혼,,0.0,,0.0,,0.0,전화번호,0.7306878306878307,,0.0,,0.0
recipt8_bin_raw.txt,싶물교,,0.0,,0.0,,0.0,,0.0,,0.0,,0.0
recipt8_bin_raw.txt,필동로,,0.0,,0.0,,0.0,,0.0,,0.0,,0.0
recipt8_bin_raw.txt,길심,,0.0,,0.0,,0.0,일시불,0.7222222222222222,,0.0,,0.0
recipt8_bin_raw.txt,장총동,,0.0,,0.0,,0.0,,0.0,,0.0,,0.0
recipt8_bin_raw.txt,동국,,0.0,,0.0,,0.0,총금액,0.7037037037037037,,0.0,,0.0
recipt8_bin_raw.txt,번호,,0.0,카드번호,0.7142857142857143,,0.0,,0.0,,0.0,,0.0
recipt8_bin_raw.txt,탈발련호,,0.0,,0.0,,0.0,,0.0,,0.0,,0.0
recipt8_bin_raw.txt,명다처만,,0.0,,0.0,,0.0,,0.0,,0.0,,0.0
recipt8_bin_raw.txt,하나카드,,0.0,,0.0,,0.0,,0.0,,0.0,,0.0
recipt9_bin_raw.txt,동중대학림관점,,0.0,,0.0,,0.0,,0.0,,0.0,,0.0
recipt9_bin_raw.txt,콤출렉렉습렉학생활업동주압,,0.0,,0.0,,0.0,,0.0,,0.0,,0.0
recipt9_bin_raw.txt,사업,,0.0,,0.0,사업자번호,0.7999999999999999,사업자번호,0.8055555555555557,,0.0,,0.0
recipt9_bin_raw.txt,번호,,0.0,카드번호,0.7142857142857143,,0.0,,0.0,,0.0,,0.0
recipt9_bin_raw.txt,서물특놀시,,0.0,,0.0,,0.0,,0.0,,0.0,,0.0
recipt9_bin_raw.txt,중구,,0.0,,0.0,,0.0,,0.0,,0.0,,0.0
recipt9_bin_raw.txt,필통로,,0.0,,0.0,,0.0,,0.0,,0.0,,0.0
recipt9_bin_raw.txt,상품,,0.0,,0.0,,0.0,,0.0,,0.0,,0.0
recipt9_bin_raw.txt,쓰키스트러나유자켓,,0.0,,0.0,,0.0,,0.0,,0.0,,0.0
recipt9_bin_raw.txt,기고주장살,,0.0,,0.0,,0.0,포장,0.7111111111111111,,0.0,,0.0
recipt9_bin_raw.txt,대정,,0.0,,0.0,,0.0,매장,0.7333333333333334,,0.0,,0.0
recipt9_bin_raw.txt,아일이,,0.0,,0.0,,0.0,승인일시,0.7453102453102454,,0.0,,0.0
recipt9_bin_raw.txt,빚월음컵,,0.0,,0.0,,0.0,,0.0,,0.0,,0.0
recipt9_bin_raw.txt,쨌위듬,,0.0,,0.0,,0.0,,0.0,,0.0,,0.0
recipt9_bin_raw.txt,매논냉수,,0.0,,0.0,,0.0,,0.0,,0.0,,0.0
recipt9_bin_raw.txt,관쎄물물가액,,0.0,,0.0,물품가액,0.75,물품가액,0.7113636363636364,,0.0,,0.0
recipt9_bin_raw.txt,딸금,,0.0,,0.0,,0.0,,0.0,,0.0,,0.0
recipt9_bin_raw.txt,카카오페이,,0.0,,0.0,,0.0,,0.0,,0.0,,0.0
recipt9_bin_raw.txt,카카오웨이,,0.0,,0.0,,0.0,,0.0,,0.0,,0.0
recipt9_bin_raw.txt,울치출드,,0.0,,0.0,,0.0,,0.0,,0.0,,0.0
recipt9_bin_raw.txt,철번호,,0.0,,0.0,가맹번호,0.7222222222222222,사업자번호,0.75,,0.0,,0.0
recipt9_bin_raw.txt,담당자,담당,0.8,담당,0.8571428571428572,담당,0.8888888888888888,담당,0.9166666666666666,,0.0,담당,0.75
recipt9_bin_raw.txt,움국,,0.0,,0.0,,0.0,,0.0,,0.0,,0.0
recipt9_bin_raw.txt,가행문의,가맹문의,0.75,가맹문의,0.9,가맹문의,0.8333333333333334,가맹문의,0.8962962962962964,가맹문의,0.75,가맹문의,0.9
recipt9_bin_raw.txt,불륭워,,0.0,,0.0,,0.0,,0.0,,0.0,,0.0
recipt9_bin_raw.txt,양해,,0.0,,0.0,,0.0,,0.0,,0.0,,0.0
recipt9_bin_raw.txt,탤흰질신,,0.0,,0.0,,0.0,,0.0,,0.0,,0.0
recipt9_bin_raw.txt,숙하내,,0.0,,0.0,,0.0,,0.0,,0.0,,0.0
recipt9_bin_raw.txt,카드영수,카드/영수증,0.8,카드/영수증,0.8181818181818181,카드/영수증,0.8888888888888888,카드/영수증,0.8974358974358975,,0.0,,0.0
recipt9_bin_raw.txt,통등출,,0.0,,0.0,,0.0,,0.0,,0.0,,0.0
recipt9_bin_raw.txt,규팔월다가,,0.0,,0.0,,0.0,,0.0,,0.0,,0.0
recipt9_bin_raw.txt,이마트,,0.0,,0.0,,0.0,,0.0,,0.0,,0.0
recipt9_bin_raw.txt,으로,,0.0,,0.0,,0.0,,0.0,,0.0,,0.0
recipt9_bin_raw.txt,보다,,0.0,,0.0,,0.0,,0.0,,0.0,,0.0
recipt9_bin_raw.txt,심고빠돈,,0.0,,0.0,,0.0,,0.0,,0.0,,0.0
recipt9_bin_raw.txt,해럿,,0.0,,0.0,,0.0,,0.0,,0.0,,0.0
recipt9_bin_raw.txt,어어히퍼드,,0.0,,0.0,,0.0,,0.0,,0.0,,0.0
recipt9_bin_raw.txt,어에서,,0.0,,0.0,,0.0,영수,0.7000000000000001,,0.0,,0.0
recipt9_bin_raw.txt,검색하세요,,0.0,,0.0,,0.0,,0.0,,0.0,,0.0
